page_size,page_token,statusCode,scenario
10,abc123,200,Successful responses: OK
15,def456,400,Client error responses: Bad Request
20,ghi789,401,Client error responses: Unauthorized
25,jkl012,403,Client error responses: Forbidden
30,mno345,429,Client error responses: Too Many Requests
35,pqr678,500,Server error responses: Internal Server Error
40,stv901,200,Successful responses: OK
45,uvw234,400,Client error responses: Bad Request
50,xyz567,401,Client error responses: Unauthorized
55,abc890,403,Client error responses: Forbidden
60,def123,429,Client error responses: Too Many Requests
65,ghi456,500,Server error responses: Internal Server Error
70,jkl789,200,Successful responses: OK
75,mno012,400,Client error responses: Bad Request
80,pqr345,401,Client error responses: Unauthorized
85,stv678,403,Client error responses: Forbidden
90,uvw901,429,Client error responses: Too Many Requests
95,xyz234,500,Server error responses: Internal Server Error
100,abc567,200,Successful responses: OK
110,def890,400,Client error responses: Bad Request